ACN,incident_year,true_label,predicted_label,score
2068563,2024,0,0,0.43165885554563943
2068838,2024,0,0,0.12513936122616123
2068919,2024,0,0,0.37634845237683745
2069056,2024,1,1,0.5001689784062295
2069132,2024,0,0,0.3931644323407876
2069139,2024,0,0,0.12513936122616123
2069155,2024,0,0,0.3931644323407876
2069176,2024,0,1,0.7559152428336515
2069324,2024,0,0,0.19800328087912267
2069919,2024,0,1,0.5301806401153712
2069940,2024,0,0,0.12513936122616123
2069943,2024,0,0,0.15457354496634107
2069948,2024,0,0,0.20434226992109786
2069963,2024,0,0,0.12513936122616123
2070021,2024,0,1,0.5001689784062295
2070111,2024,0,1,0.5179228990412258
2070294,2024,0,0,0.3931644323407876
2070299,2024,0,1,0.5179228990412258
2070474,2024,0,0,0.4613540669479258
2070562,2024,0,1,0.5001689784062295
2070893,2024,0,0,0.3931644323407876
2070923,2024,0,0,0.19800328087912267
2071085,2024,0,1,0.5001689784062295
2071173,2024,0,1,0.5001689784062295
2071367,2024,0,1,0.5828022516703106
2071483,2024,1,0,0.46661963432658915
2071492,2024,0,1,0.5001689784062295
2071587,2024,0,1,0.5828022516703106
2071676,2024,0,0,0.24708091491078008
2071726,2024,0,1,0.5001689784062295
2071788,2024,1,1,0.5828022516703106
2071861,2024,1,1,0.7357028990343127
2071904,2024,0,1,0.6829522963228278
2071976,2024,0,0,0.37634845237683745
2071993,2024,1,1,0.5179228990412258
2072089,2024,0,0,0.45723855277912934
2072182,2024,0,1,0.5179228990412258
2072209,2024,0,0,0.44916627731993714
2072253,2024,0,1,0.6025784913517704
2072458,2024,0,1,0.5179228990412258
2072639,2024,0,0,0.47596454735330934
2072706,2024,0,0,0.3931644323407876
2072717,2024,0,1,0.5001689784062295
2072756,2024,0,0,0.37634845237683745
2072869,2024,1,1,0.6481372742830261
2072923,2024,1,0,0.3931644323407876
2073024,2024,1,1,0.5301806401153712
2073214,2024,0,0,0.481430415029342
2073441,2024,0,0,0.3931644323407876
2073474,2024,0,0,0.188187017483957
2073600,2024,0,1,0.5179228990412258
2073697,2024,0,1,0.5001689784062295
2073706,2024,0,1,0.5179228990412258
2073826,2024,0,0,0.12513936122616123
2073829,2024,0,0,0.3931644323407876
2074017,2024,0,0,0.40418603943701414
2074236,2024,0,0,0.43165885554563943
2074560,2024,0,0,0.20434226992109786
2074590,2024,0,0,0.19800328087912267
2074715,2024,1,1,0.5179228990412258
2074759,2024,0,1,0.8336042161817506
2074814,2024,1,0,0.19800328087912267
2074883,2024,1,1,0.808373163331095
2074973,2024,0,0,0.13206444472403342
2075573,2024,0,1,0.5301806401153712
2075594,2024,0,1,0.5947012633952008
2075772,2024,0,0,0.3931644323407876
2075784,2024,0,0,0.30906945240046274
2075945,2024,0,1,0.5293908417608217
2075947,2024,0,1,0.549807100815864
2076061,2024,1,1,0.5416150625035437
2076069,2024,0,1,0.5001689784062295
2076177,2024,0,1,0.6605540273633171
2076275,2024,0,1,0.5828022516703106
2076330,2024,0,1,0.5001689784062295
2076359,2024,0,1,0.7939312514008767
2076486,2024,0,1,0.5301806401153712
2076828,2024,0,0,0.24957941702841582
2076842,2024,1,1,0.6653484200543464
2076849,2024,0,0,0.32548378137692596
2076884,2024,0,0,0.30070951748963487
2076916,2024,0,0,0.3766703131349746
2076918,2024,0,0,0.37634845237683745
2076936,2024,0,0,0.3668028713116509
2076938,2024,0,0,0.30070951748963487
2077366,2024,0,0,0.16155919984776804
2078132,2024,0,1,0.5001689784062295
2079123,2024,0,1,0.5001689784062295
2079128,2024,1,0,0.4567087086271675
2080876,2024,0,1,0.5124531956429791
2080923,2024,0,1,0.5179228990412258
2081173,2024,0,0,0.4080682480964543
2081770,2024,0,1,0.5001689784062295
2081862,2024,0,0,0.19800328087912267
2082194,2024,0,0,0.4458419545424471
2082195,2024,1,1,0.5540925837312164
2082258,2024,0,1,0.5540925837312164
2082351,2024,0,0,0.3931644323407876
2082403,2024,0,1,0.5540925837312164
2082578,2024,0,0,0.2559667854458561
2082583,2024,0,0,0.24180148035470606
2082586,2024,1,1,0.5458144272658919
2083200,2024,0,0,0.12513936122616123
2083206,2024,0,0,0.23464314354768948
2083227,2024,0,0,0.15083178847019024
2083373,2024,1,1,0.6910228523634736
2083441,2024,1,1,0.5540925837312164
2083462,2024,0,1,0.5540925837312164
2083491,2024,0,1,0.5540925837312164
2083617,2024,0,0,0.2941675523349624
2084012,2024,0,1,0.5540925837312164
2084029,2024,0,1,0.52243222405681
2084182,2024,0,1,0.5540925837312164
2084257,2024,1,0,0.23464314354768948
2084272,2024,0,0,0.3730805874515826
2084284,2024,0,0,0.23464314354768948
2084287,2024,0,1,0.5540925837312164
2084380,2024,1,1,0.5715717787272011
2084407,2024,0,1,0.707300402832502
2084731,2024,0,1,0.5540925837312164
2084755,2024,0,1,0.6343286336828734
2085081,2024,0,1,0.5715717787272011
2085091,2024,0,0,0.35874101028281724
2085092,2024,1,0,0.4283633418080573
2085202,2024,0,1,0.5715717787272011
2085548,2024,0,0,0.23464314354768948
2085559,2024,0,0,0.48919785763930285
2085581,2024,0,1,0.5540925837312164
2085583,2024,0,1,0.5662009447353419
2085730,2024,1,1,0.5662009447353419
2085900,2024,0,0,0.23464314354768948
2085902,2024,0,0,0.27513096636137113
2086030,2024,1,1,0.5715717787272011
2086222,2024,0,0,0.23464314354768948
2086223,2024,0,0,0.15083178847019024
2086226,2024,0,0,0.1930787715907497
2086312,2024,1,1,0.8092678260443965
2086450,2024,0,0,0.23464314354768948
2086456,2024,0,0,0.4458419545424471
2086498,2024,0,0,0.23464314354768948
2086502,2024,1,1,0.7273845579216527
2086941,2024,0,1,0.5540925837312164
2087065,2024,0,1,0.5835622241653614
2087076,2024,0,1,0.5540925837312164
2087193,2024,1,1,0.5715717787272011
2087295,2024,0,1,0.6456515746887996
2087538,2024,0,0,0.23464314354768948
2087554,2024,0,0,0.4458419545424471
2087590,2024,0,1,0.5683705789206025
2087591,2024,0,0,0.18876750710863502
2087653,2024,1,1,0.605691837409254
2087685,2024,0,0,0.37635639585313524
2087734,2024,0,0,0.3868141733242527
2087736,2024,0,0,0.2884058350199219
2087738,2024,1,0,0.18876750710863502
2087795,2024,1,1,0.605691837409254
2087815,2024,1,1,0.7483763023487389
2087880,2024,0,1,0.5715717787272011
2087983,2024,0,0,0.4458419545424471
2087985,2024,0,0,0.2559667854458561
2087994,2024,0,0,0.29228499863239044
2088276,2024,0,1,0.5715717787272011
2088308,2024,0,1,0.5540925837312164
2088334,2024,0,0,0.4458419545424471
2088538,2024,0,0,0.4280125583391027
2088626,2024,0,1,0.8810838373726917
2088635,2024,1,1,0.5715717787272011
2088866,2024,0,0,0.2559667854458561
2088867,2024,0,0,0.23464314354768948
2088870,2024,0,0,0.26482073194735417
2089069,2024,0,1,0.5540925837312164
2089081,2024,1,1,0.7574073048269137
2089095,2024,0,1,0.5540925837312164
2089230,2024,1,1,0.5540925837312164
2089293,2024,0,1,0.5715717787272011
2089349,2024,1,1,0.5717350287252675
2089353,2024,1,1,0.8676071699024412
2089370,2024,0,0,0.46115934866417857
2089435,2024,0,1,0.5540925837312164
2089504,2024,0,0,0.23464314354768948
2089517,2024,0,0,0.3894543815455106
2089522,2024,0,0,0.23865378622955752
2089526,2024,0,0,0.4458419545424471
2089528,2024,0,1,0.5269695417737288
2089547,2024,0,0,0.4458419545424471
2089579,2024,0,0,0.4458419545424471
2089581,2024,0,0,0.15083178847019024
2089601,2024,0,0,0.4458419545424471
2089614,2024,0,0,0.15083178847019024
2089628,2024,0,0,0.1930787715907497
2089808,2024,0,1,0.5715717787272011
2090106,2024,0,0,0.225985336525688
2090307,2024,0,0,0.4283633418080573
2090398,2024,0,0,0.45373892287626055
2090736,2024,0,0,0.29228499863239044
2090755,2024,0,0,0.23464314354768948
2090959,2024,0,1,0.5540925837312164
2091028,2024,0,0,0.43165885554563943
2091187,2024,0,1,0.5166610322236169
2091252,2024,1,1,0.5715717787272011
2091263,2024,0,1,0.5715717787272011
2091374,2024,0,1,0.754103038119259
2091423,2024,0,0,0.4458419545424471
2091566,2024,1,1,0.5987550537533347
2091596,2024,0,0,0.3919593869453901
2091916,2024,0,0,0.3869395709328338
2091925,2024,0,0,0.2190828888382
2091955,2024,0,0,0.40901542798845913
2091971,2024,0,0,0.40901542798845913
2091973,2024,0,0,0.4458419545424471
2092010,2024,0,0,0.41693525532195774
2092063,2024,0,0,0.3919593869453901
2092075,2024,0,1,0.6182703955770797
2092181,2024,0,1,0.7189824014128109
2092203,2024,0,1,0.5166610322236169
2092487,2024,0,0,0.4458419545424471
2092488,2024,0,0,0.40901542798845913
2092599,2024,0,1,0.5343744957285144
2092789,2024,0,1,0.5166610322236169
2092964,2024,0,0,0.2283609105648675
2092965,2024,0,0,0.19093629015072555
2092979,2024,0,0,0.3320608258161672
2093166,2024,0,1,0.5166610322236169
2093169,2024,0,0,0.40901542798845913
2093284,2024,0,0,0.20869196257570607
2093285,2024,0,0,0.4240357356682085
2093297,2024,0,0,0.18876750710863502
2093299,2024,0,1,0.5166610322236169
2093424,2024,0,1,0.5166610322236169
2093496,2024,0,1,0.5166610322236169
2093569,2024,0,0,0.23464314354768948
2093571,2024,0,0,0.20869196257570607
2093647,2024,0,1,0.5166610322236169
2093695,2024,0,1,0.5343744957285144
2093791,2024,1,1,0.5987550537533347
2093964,2024,0,1,0.6469839323876244
2093980,2024,0,1,0.5166610322236169
2093997,2024,1,0,0.40901542798845913
2094092,2024,0,1,0.5166610322236169
2094114,2024,1,1,0.5839815379824956
2094162,2024,0,1,0.5166610322236169
2094305,2024,0,0,0.13254473868843245
2094307,2024,0,0,0.40901542798845913
2094364,2024,0,0,0.34438822978780764
2094378,2024,0,0,0.4240357356682085
2094388,2024,0,0,0.40901542798845913
2094392,2024,0,0,0.21528128955909578
2094638,2024,0,1,0.5987550537533347
2094842,2024,0,1,0.8989860148841334
2094995,2024,0,0,0.25962579297736493
2095010,2024,0,0,0.20869196257570607
2095025,2024,1,0,0.3517683479316774
2095032,2024,0,0,0.21528128955909578
2095117,2024,0,1,0.7614857819336136
2095402,2024,0,0,0.34438822978780764
2095405,2024,0,0,0.40901542798845913
2095529,2024,1,1,0.5343744957285144
2095533,2024,0,1,0.618610877397132
2095697,2024,0,0,0.40901542798845913
2095735,2024,0,0,0.20869196257570607
2095748,2024,0,0,0.40901542798845913
2095755,2024,0,1,0.5166610322236169
2095813,2024,1,1,0.5343744957285144
2095990,2024,1,1,0.5166610322236169
2096074,2024,0,0,0.20869196257570607
2096117,2024,0,0,0.2021530924491708
2096120,2024,0,0,0.48016890014426006
2096127,2024,0,1,0.5166610322236169
2096164,2024,0,1,0.5024416423902331
2096181,2024,0,0,0.3919593869453901
2096298,2024,0,1,0.5166610322236169
2096340,2024,0,1,0.5166610322236169
2096377,2024,0,1,0.5166610322236169
2096494,2024,0,1,0.5166610322236169
2096625,2024,0,1,0.6099953077983736
2096676,2024,0,0,0.13254473868843245
2096711,2024,1,0,0.40901542798845913
2096734,2024,0,0,0.13254473868843245
2096785,2024,0,0,0.16087583203378078
2097267,2024,0,1,0.5166610322236169
2097297,2024,0,1,0.7524355982539356
2097330,2024,0,0,0.40901542798845913
2097369,2024,1,1,0.5166610322236169
2097509,2024,0,1,0.5321410778782021
2097517,2024,0,0,0.2375471218052797
2097544,2024,1,1,0.744741594192108
2097562,2024,0,1,0.5166610322236169
2097730,2024,1,0,0.40901542798845913
2097835,2024,1,0,0.40901542798845913
2097940,2024,0,0,0.2621422501202663
2097972,2024,0,0,0.28957367770192644
2097977,2024,0,0,0.24920853005158672
2098026,2024,0,1,0.5343744957285144
2098028,2024,0,1,0.5343744957285144
2098278,2024,0,0,0.13254473868843245
2098317,2024,0,1,0.5166610322236169
2098429,2024,0,1,0.5166610322236169
2098452,2024,0,1,0.5343744957285144
2098595,2024,0,0,0.20869196257570607
2098635,2024,0,1,0.5166610322236169
2098674,2024,0,0,0.3919593869453901
2098788,2024,1,1,0.5343744957285144
2098875,2024,0,1,0.5166610322236169
2099216,2024,0,1,0.5343744957285144
2099318,2024,0,1,0.5166610322236169
2099457,2024,0,0,0.20869196257570607
2099482,2024,0,0,0.40901542798845913
2099502,2024,0,0,0.42410018242628844
2099509,2024,0,0,0.2375471218052797
2099544,2024,0,1,0.5343744957285144
2099547,2024,0,0,0.12513936122616123
2099550,2024,0,0,0.16678443961197517
2099557,2024,0,1,0.5166610322236169
2099633,2024,0,0,0.3919593869453901
2099658,2024,0,0,0.2744573061944891
2099668,2024,0,1,0.5343744957285144
2099875,2024,1,1,0.8183884095298177
2100005,2024,0,0,0.2283609105648675
2100020,2024,0,1,0.744741594192108
2100039,2024,1,0,0.3233365290847208
2100043,2024,0,0,0.13254473868843245
2100065,2024,0,1,0.5289216753260748
2100167,2024,0,1,0.5987550537533347
2100283,2024,0,1,0.5166610322236169
2100456,2024,0,0,0.34755251692960676
2100821,2024,0,0,0.25962579297736493
2100867,2024,0,1,0.5166610322236169
2100887,2024,0,0,0.3919593869453901
2100983,2024,0,1,0.6665092987216822
2100998,2024,0,0,0.40901542798845913
2101009,2024,0,1,0.5343744957285144
2101033,2024,0,1,0.545959561273901
2101074,2024,0,0,0.4479162811583071
2101233,2024,0,1,0.5343744957285144
2101240,2024,0,0,0.20869196257570607
2101712,2024,0,1,0.5343744957285144
2101721,2024,0,1,0.5343744957285144
2101762,2024,0,1,0.5343744957285144
2102000,2024,0,0,0.32919297754237814
2102003,2024,0,0,0.34438822978780764
2102005,2024,0,0,0.13254473868843245
2102006,2024,0,0,0.21528128955909578
2102040,2024,0,0,0.13254473868843245
2102052,2024,0,0,0.20869196257570607
2102100,2024,0,1,0.6875629149446296
2102217,2024,0,1,0.5103972587756707
2102341,2024,0,1,0.5166610322236169
2102491,2024,0,1,0.5166610322236169
2102592,2024,0,0,0.13254473868843245
2102775,2024,0,1,0.5343744957285144
2102826,2024,0,1,0.5523924729682725
2102890,2024,0,1,0.5343744957285144
2102893,2024,0,0,0.49263768689577353
2102898,2024,0,1,0.5166610322236169
2102924,2024,0,0,0.49263768689577353
2103010,2024,0,0,0.38600007830071204
2103101,2024,0,0,0.49263768689577353
2103107,2024,0,0,0.44977200191541655
2103330,2024,0,1,0.510972465469334
2103332,2024,0,1,0.5295088398184451
2103469,2024,0,1,0.5343744957285144
2103515,2024,0,1,0.5103972587756707
2103659,2024,0,0,0.49263768689577353
2103722,2024,0,0,0.38600007830071204
2103728,2024,0,0,0.46538325442364425
2103729,2024,0,0,0.49263768689577353
2103732,2024,0,0,0.19948758795195662
2103738,2024,0,0,0.1932626180405125
2104003,2024,0,1,0.5226699974690696
2104068,2024,0,0,0.49263768689577353
2104121,2024,0,1,0.5754592245736648
2104193,2024,0,0,0.49263768689577353
2104204,2024,1,0,0.49263768689577353
2104207,2024,0,0,0.49263768689577353
2104210,2024,0,0,0.49263768689577353
2104224,2024,0,0,0.49263768689577353
2104436,2024,0,0,0.49263768689577353
2104706,2024,0,1,0.6255793579927523
2104708,2024,0,0,0.12187811766652959
2104710,2024,0,1,0.5226699974690696
2104716,2024,0,0,0.13254473868843245
2104721,2024,0,0,0.3953904700194601
2104747,2024,0,0,0.19468283287342356
2104772,2024,0,0,0.38600007830071204
2104802,2024,0,0,0.304172981325012
2104828,2024,0,0,0.1932626180405125
2104835,2024,0,0,0.1932626180405125
2105005,2024,1,1,0.5103972587756707
2105306,2024,0,0,0.44772470441884893
2105395,2024,0,1,0.5226699974690696
2105746,2024,0,0,0.2944125343278927
2106020,2024,0,1,0.5049237887829631
2106171,2024,0,0,0.38600007830071204
2106204,2024,0,0,0.304172981325012
2106309,2024,0,0,0.49263768689577353
2106384,2024,0,0,0.49263768689577353
2106392,2024,0,0,0.49263768689577353
2106458,2024,0,0,0.49263768689577353
2106462,2024,0,0,0.15751971539418635
2106466,2024,0,0,0.38600007830071204
2106499,2024,0,0,0.3784234901105567
2106597,2024,0,1,0.5103972587756707
2106974,2024,1,0,0.49263768689577353
2106979,2024,0,0,0.49263768689577353
2107041,2024,0,1,0.5103972587756707
2107088,2024,1,1,0.5103972587756707
2107176,2024,0,0,0.3693040414258259
2107205,2024,0,0,0.38600007830071204
2107214,2024,1,0,0.323021769718301
2107293,2024,0,0,0.49263768689577353
2107350,2024,1,0,0.4001885758036678
2107447,2024,0,1,0.6247530712685857
2107454,2024,0,0,0.38600007830071204
2107632,2024,1,1,0.5103972587756707
2108074,2024,0,0,0.41032161190524913
2108081,2024,0,0,0.27792169811789896
2108104,2024,0,0,0.11447641173205533
2108111,2024,0,0,0.28430714493757947
2108530,2024,0,0,0.12187811766652959
2108548,2024,0,0,0.24397956175025437
2108565,2024,0,0,0.38600007830071204
2108618,2024,1,0,0.3693040414258259
2108637,2024,0,1,0.5103972587756707
2108778,2024,0,0,0.49263768689577353
2108802,2024,0,0,0.49263768689577353
2108822,2024,0,0,0.3693040414258259
2108891,2024,0,0,0.1932626180405125
2108903,2024,0,0,0.1932626180405125
2108924,2024,0,0,0.27007494621854883
2108928,2024,0,0,0.39480556338846257
2108935,2024,0,0,0.12187811766652959
2108938,2024,0,0,0.15385106326174483
2109298,2024,0,0,0.38600007830071204
2109395,2024,0,1,0.5103972587756707
2109730,2024,0,1,0.5226699974690696
2109858,2024,0,0,0.49263768689577353
2110126,2024,0,0,0.19948758795195662
2110161,2024,0,0,0.19948758795195662
2110185,2024,0,0,0.19948758795195662
2110231,2024,0,0,0.1932626180405125
2110264,2024,0,0,0.38600007830071204
2110327,2024,0,0,0.3693040414258259
2110516,2024,0,0,0.3953904700194601
2110610,2024,1,0,0.49263768689577353
2110777,2024,0,1,0.7542342660242746
2110782,2024,0,0,0.38600007830071204
2110994,2024,0,0,0.3693040414258259
2111224,2024,0,0,0.38600007830071204
2111261,2024,0,0,0.3693040414258259
2111393,2024,1,0,0.441724264808376
2111395,2024,0,1,0.5226699974690696
2111427,2024,0,1,0.5049237887829631
2111522,2024,0,0,0.209541579369157
2111541,2024,0,0,0.19948758795195662
2111554,2024,0,0,0.1932626180405125
2111588,2024,0,0,0.3693040414258259
2111628,2024,0,1,0.5103972587756707
2111647,2024,0,1,0.5754592245736648
2111677,2024,0,0,0.44977200191541655
2111704,2024,0,1,0.5103972587756707
2111906,2024,0,0,0.24397956175025437
2111932,2024,0,0,0.2513291950774658
2111938,2024,0,0,0.1932626180405125
2111949,2024,0,0,0.4202487641073297
2111982,2024,0,0,0.49263768689577353
2112056,2024,1,1,0.5754592245736648
2112281,2024,1,1,0.5103972587756707
2112316,2024,0,1,0.5103972587756707
2112360,2024,0,0,0.3693040414258259
2112544,2024,0,1,0.7260435254961434
2112551,2024,0,0,0.49263768689577353
2112559,2024,1,1,0.7682734796276199
2112754,2024,0,0,0.1932626180405125
2112787,2024,0,0,0.2118667201172284
2112832,2024,0,0,0.1932626180405125
2112881,2024,0,0,0.4450355669991729
2112983,2024,0,1,0.5103972587756707
2113158,2024,1,0,0.49263768689577353
2113175,2024,0,0,0.49263768689577353
2113301,2024,0,1,0.5105638584785508
2113421,2024,0,1,0.5103972587756707
2113435,2024,0,1,0.5103972587756707
2113730,2024,0,1,0.5226699974690696
2113739,2024,0,0,0.3182163617883284
2113786,2024,0,1,0.5103972587756707
2113799,2024,1,1,0.5103972587756707
2113928,2024,0,0,0.49263768689577353
2114125,2024,0,0,0.30267317997427684
2114159,2024,0,0,0.1932626180405125
2114235,2024,0,1,0.5103972587756707
2114463,2024,0,0,0.41175427368142625
2114464,2024,0,0,0.2171996331743223
2114480,2024,0,0,0.41175427368142625
2114487,2024,0,0,0.41175427368142625
2114494,2024,0,0,0.21056734527145407
2114538,2024,0,1,0.5226699974690696
2114765,2024,0,0,0.41175427368142625
2114775,2024,0,1,0.5194870824021677
2115058,2024,1,1,0.5371897510259805
2115100,2024,0,1,0.5226699974690696
2115395,2024,0,0,0.3606234806487702
2115405,2024,0,0,0.2171996331743223
2115950,2024,0,0,0.2793073681093876
2115976,2024,0,1,0.5953418607068126
2116361,2024,0,0,0.21056734527145407
2116368,2024,0,0,0.31511602382457854
2116369,2024,0,0,0.41175427368142625
2116381,2024,0,0,0.31875189694834666
2116399,2024,0,0,0.47444826432992665
2116410,2024,0,1,0.5194870824021677
2116434,2024,0,0,0.39466029205736214
2116505,2024,0,1,0.5194870824021677
2116706,2024,0,0,0.41175427368142625
2116740,2024,0,1,0.5194870824021677
2116984,2024,1,1,0.7629534348325239
2117099,2024,0,0,0.2643375038997187
2117127,2024,0,0,0.41175427368142625
2117130,2024,0,0,0.41175427368142625
2117590,2024,1,1,0.5371897510259805
2117879,2024,0,0,0.41175427368142625
2117884,2024,0,1,0.5194870824021677
2118086,2024,0,0,0.13385158315528564
2118103,2024,0,1,0.8507801384864574
2118105,2024,1,0,0.2303615903947704
2118109,2024,0,0,0.2303615903947704
2118124,2024,0,0,0.21056734527145407
2118127,2024,0,0,0.41175427368142625
2118137,2024,1,0,0.21326948840363322
2118138,2024,0,0,0.13385158315528564
2118169,2024,0,0,0.37830969330798253
2118178,2024,1,0,0.13385158315528564
2118179,2024,0,1,0.5493838274938214
2118187,2024,0,0,0.3182163617883284
2118199,2024,0,1,0.7808300176947087
2118201,2024,0,1,0.5194870824021677
2118280,2024,1,1,0.5194870824021677
2118328,2024,0,1,0.5371897510259805
2118354,2024,0,1,0.5371897510259805
2118736,2024,0,1,0.5194870824021677
2118913,2024,0,0,0.41175427368142625
2119009,2024,1,1,0.6940232890489899
2119081,2024,0,0,0.1586486183501489
2119092,2024,0,0,0.2720796960578186
2119106,2024,0,0,0.41175427368142625
2119120,2024,0,0,0.2606926257356266
2119235,2024,1,1,0.5194870824021677
2119263,2024,0,1,0.5194870824021677
2119515,2024,0,0,0.2801524943841056
2119608,2024,0,1,0.5194870824021677
2119802,2024,0,0,0.21056734527145407
2119814,2024,0,1,0.741142895966293
2119844,2024,0,1,0.5194870824021677
2120022,2024,0,0,0.39466029205736214
2120145,2024,1,0,0.4095187301747093
2120475,2024,0,1,0.7212636935070366
2120696,2024,0,0,0.22789216733145531
2120752,2024,0,0,0.3172129814606951
2120818,2024,0,0,0.41175427368142625
2120925,2024,1,1,0.5371897510259805
2120960,2024,1,1,0.6014713543536129
2121194,2024,0,1,0.5371897510259805
2121319,2024,0,0,0.41175427368142625
2121360,2024,0,0,0.39466029205736214
2121366,2024,1,0,0.34428078376721993
2121545,2024,0,1,0.5194870824021677
2121793,2024,0,0,0.2171996331743223
2121885,2024,0,0,0.39466029205736214
2121927,2024,0,1,0.5371897510259805
2122060,2024,1,1,0.5194870824021677
2122141,2024,0,0,0.39466029205736214
2122157,2024,0,0,0.4283633418080573
2122165,2024,0,0,0.2303615903947704
2122189,2024,0,0,0.21056734527145407
2122195,2024,0,0,0.21056734527145407
2122212,2024,0,1,0.5194870824021677
2122401,2024,1,1,0.5371897510259805
2122417,2024,0,1,0.5194870824021677
2122424,2024,1,1,0.760147207067705
2122445,2024,0,1,0.5194870824021677
2122465,2024,0,1,0.5194870824021677
2122566,2024,0,0,0.21056734527145407
2122571,2024,0,0,0.2643375038997187
2122738,2024,0,1,0.5371897510259805
2122864,2024,0,1,0.5194870824021677
2122891,2024,0,0,0.41175427368142625
2123177,2024,0,1,0.5371897510259805
2123322,2024,0,1,0.5493838274938214
2123476,2024,0,1,0.5371897510259805
2123788,2024,0,1,0.6175699093684681
2123805,2024,0,0,0.2767170132430799
2123816,2024,0,0,0.13385158315528564
2123854,2024,0,0,0.3900927639883431
2123882,2024,0,0,0.2171996331743223
2123898,2024,0,0,0.41175427368142625
2123914,2024,0,0,0.41175427368142625
2123941,2024,0,0,0.2039848618945992
2123970,2024,0,0,0.2303615903947704
2124064,2024,0,1,0.5371897510259805
2124103,2024,0,1,0.5371897510259805
2124379,2024,0,0,0.4291403221739979
2124381,2024,0,1,0.5371897510259805
2124387,2024,0,0,0.21208129571880857
2124395,2024,0,0,0.172307588143849
2124468,2024,0,0,0.41175427368142625
2124774,2024,0,0,0.13385158315528564
2124811,2024,0,0,0.21056734527145407
2124874,2024,0,1,0.5371897510259805
2125053,2024,0,1,0.6017135085843593
2125164,2024,1,0,0.4893594405332053
2125181,2024,0,0,0.11447641173205533
2125188,2024,0,0,0.21056734527145407
2125206,2024,0,0,0.2171996331743223
2125897,2024,0,1,0.6014713543536129
2125937,2024,0,1,0.5470975741978762
2125974,2024,0,1,0.529441913053027
2126005,2024,0,0,0.4042354071693644
2126155,2024,0,1,0.7332900698092828
2126163,2024,0,0,0.21056734527145407
2126180,2024,0,0,0.4095187301747093
2126187,2024,1,0,0.21056734527145407
2126190,2024,0,0,0.21056734527145407
2126191,2024,1,1,0.6424654905751154
2126237,2024,0,0,0.21727921885661286
2126265,2024,0,0,0.25730243394131563
2126601,2024,0,1,0.529441913053027
2126971,2024,0,1,0.5371897510259805
2127348,2024,0,0,0.21882804995579555
2127364,2024,0,0,0.21727921885661286
2127366,2024,0,0,0.41175427368142625
2127477,2024,0,1,0.529441913053027
2127515,2024,0,1,0.529441913053027
2127659,2024,0,1,0.5187006576054032
2127680,2024,0,0,0.42145537104872344
2127700,2024,0,0,0.21056734527145407
2127776,2024,1,1,0.5470975741978762
2127876,2024,1,1,0.529441913053027
2127924,2024,0,1,0.6676771067585628
2128213,2024,0,1,0.5166610322236169
2128231,2024,0,0,0.3919593869453901
2128279,2024,0,0,0.38600007830071204
2128280,2024,0,1,0.5371897510259805
2128294,2024,0,1,0.5194870824021677
2128315,2024,0,0,0.41175427368142625
2128337,2024,0,1,0.5194870824021677
2128463,2024,0,1,0.529441913053027
2128587,2024,0,1,0.5470975741978762
2128703,2024,0,0,0.42145537104872344
2128902,2024,0,1,0.529441913053027
2129293,2024,0,0,0.21882804995579555
2129311,2024,0,0,0.42145537104872344
2129333,2024,0,0,0.25891745898289054
2129355,2024,0,0,0.42145537104872344
2129360,2024,0,0,0.4042354071693644
2129390,2024,0,0,0.42145537104872344
2129400,2024,0,0,0.4606172182259686
2129455,2024,1,1,0.5470975741978762
2129596,2024,0,1,0.6109995557397507
2129613,2024,0,1,0.5470975741978762
2130000,2024,0,0,0.3084365525169317
2130009,2024,1,0,0.21727921885661286
2130024,2024,0,0,0.4268310649385874
2130026,2024,1,0,0.20543923080964677
2130476,2024,0,0,0.22488873863198255
2130480,2024,0,0,0.42145537104872344
2130484,2024,0,0,0.3560467775839191
2130578,2024,0,1,0.529441913053027
2130639,2024,0,0,0.432704552418407
2130671,2024,0,1,0.529441913053027
2130763,2024,0,0,0.42145537104872344
2130824,2024,0,1,0.5470975741978762
2130975,2024,1,1,0.529441913053027
2131104,2024,0,0,0.21727921885661286
2131114,2024,0,0,0.42145537104872344
2131214,2024,0,1,0.5528930812398124
2131379,2024,0,1,0.7618556117040469
2131681,2024,0,1,0.529441913053027
2131684,2024,0,1,0.541665955735547
2131687,2024,0,1,0.529441913053027
2131786,2024,0,1,0.5470975741978762
2131828,2024,0,1,0.541665955735547
2131829,2024,0,1,0.529441913053027
2132016,2024,0,0,0.42145537104872344
2132056,2024,0,0,0.1385472884932867
2132058,2024,0,0,0.1302834519479735
2132085,2024,0,0,0.24552023283543312
2132093,2024,0,0,0.42145537104872344
2132115,2024,0,0,0.21882804995579555
2132129,2024,0,0,0.2375145783661199
2132459,2024,0,1,0.5592447877740886
2132645,2024,0,0,0.42145537104872344
2132656,2024,1,0,0.17807501991123809
2132667,2024,0,0,0.42145537104872344
2132675,2024,0,0,0.1258269184421268
2132718,2024,0,1,0.529441913053027
2132749,2024,0,1,0.7691379287857649
2132780,2024,0,1,0.5470975741978762
2133126,2024,0,1,0.529441913053027
2133280,2024,0,0,0.23796960181113166
2133283,2024,0,0,0.3636605252974132
2133332,2024,0,0,0.21195336390790093
2133343,2024,0,0,0.21195336390790093
2133508,2024,0,1,0.529441913053027
2133517,2024,0,1,0.529441913053027
2133654,2024,0,0,0.1385472884932867
2133775,2024,0,1,0.7700965779275715
2133995,2024,0,0,0.42145537104872344
2133997,2024,1,0,0.42145537104872344
2134315,2024,0,1,0.5470975741978762
2134641,2024,0,0,0.44896008254450104
2134655,2024,0,0,0.13571832944471704
2134659,2024,0,0,0.3152170403495638
2134708,2024,0,0,0.42145537104872344
2134719,2024,0,0,0.3406043653921631
2134872,2024,1,1,0.5470975741978762
2134990,2024,1,0,0.42145537104872344
2135005,2024,0,1,0.5470975741978762
2135231,2024,0,0,0.42145537104872344
2135232,2024,0,0,0.3406043653921631
2135249,2024,0,0,0.1385472884932867
2135256,2024,1,0,0.22797452992601366
2135280,2024,0,1,0.529441913053027
2135391,2024,1,1,0.5470975741978762
2135492,2024,0,1,0.529441913053027
2135509,2024,0,1,0.6109995557397507
2135679,2024,0,0,0.42145537104872344
2135681,2024,0,1,0.529441913053027
2135696,2024,0,0,0.21727921885661286
2135706,2024,0,0,0.1385472884932867
2135816,2024,1,1,0.529441913053027
2136033,2024,0,0,0.42145537104872344
2136065,2024,0,1,0.529441913053027
2136100,2024,1,1,0.5470975741978762
2136275,2024,0,0,0.42145537104872344
2136388,2024,0,0,0.17807501991123809
2136392,2024,0,0,0.42145537104872344
2136435,2024,0,0,0.22406290945041685
2136438,2024,0,0,0.21727921885661286
2136842,2024,0,1,0.529441913053027
2137019,2024,0,1,0.529441913053027
2137166,2024,0,0,0.22107879915150638
2137180,2024,0,0,0.21727921885661286
2137192,2024,1,0,0.42145537104872344
2137200,2024,0,0,0.2018636941423592
2137202,2024,0,0,0.42145537104872344
2137205,2024,0,0,0.1385472884932867
2137227,2024,0,0,0.3084365525169317
2137245,2024,0,0,0.4042354071693644
2137255,2024,0,0,0.2803300063100997
2137257,2024,0,0,0.22406290945041685
2137262,2024,0,0,0.1385472884932867
2137280,2024,0,0,0.4042354071693644
2137289,2024,0,0,0.21727921885661286
2137320,2024,1,1,0.5470975741978762
2137481,2024,1,1,0.5470975741978762
2137779,2024,0,1,0.5470975741978762
2137784,2024,0,0,0.22406290945041685
2137789,2024,0,0,0.3195216796404351
2137814,2024,0,0,0.4263042059125814
2137819,2024,0,0,0.2507270654579252
2137823,2024,0,0,0.22406290945041685
2137830,2024,0,0,0.1385472884932867
2137832,2024,0,0,0.3237935449967117
2137936,2024,0,1,0.5194870824021677
2138085,2024,0,1,0.505491209465164
2138130,2024,0,0,0.1830907921189684
2138132,2024,0,0,0.4041524411707492
2138277,2024,1,1,0.6122242832210996
2138339,2024,1,1,0.529441913053027
2138360,2024,0,1,0.6122242832210996
2138426,2024,0,1,0.6122242832210996
2138438,2024,0,1,0.529441913053027
2138478,2024,0,1,0.6289507100656871
2138481,2024,0,0,0.4368892856432597
2138669,2024,0,1,0.7302507509054943
2138710,2024,0,0,0.2883570032004929
2138729,2024,0,0,0.2883570032004929
2138737,2024,0,0,0.2803300063100997
2138758,2024,0,1,0.6122242832210996
2139133,2024,0,1,0.6289507100656871
2139171,2024,0,1,0.505491209465164
2139666,2024,1,0,0.27231898189415327
2139686,2024,0,1,0.505491209465164
2139700,2024,0,0,0.27399968698401833
2139710,2024,0,0,0.2803300063100997
2139712,2024,0,0,0.27007494621854883
2139743,2024,0,1,0.6620753261085346
2139766,2024,0,0,0.2803300063100997
2139778,2024,0,0,0.4137516386599546
2139780,2024,0,1,0.505491209465164
2139786,2024,0,0,0.29755918306085277
2139984,2024,1,1,0.8693779049518213
2140201,2024,0,1,0.513107127716319
2140205,2024,0,0,0.3282948338718782
2140212,2024,0,0,0.1841258020695057
2140339,2024,1,1,0.529441913053027
2140367,2024,0,1,0.6122242832210996
2140711,2024,0,0,0.2803300063100997
2140713,2024,0,1,0.505491209465164
2140906,2024,0,1,0.6122242832210996
2140916,2024,0,1,0.6122242832210996
2140999,2024,0,0,0.35310630655492137
2141005,2024,0,1,0.6289507100656871
2141015,2024,0,0,0.3317275977941616
2141305,2024,0,1,0.6122242832210996
2141526,2024,0,1,0.505491209465164
2141792,2024,0,1,0.505491209465164
2141886,2024,0,1,0.6289507100656871
2142101,2024,1,1,0.6878921501501433
2142429,2024,0,1,0.6289507100656871
2142430,2024,1,1,0.505491209465164
2142505,2024,0,0,0.27399968698401833
2142506,2024,0,1,0.505491209465164
2142508,2024,0,0,0.40188313827361727
2142513,2024,0,0,0.4877322897520463
2142516,2024,0,1,0.6403457596241201
2142521,2024,0,0,0.34414853122522704
2142540,2024,0,0,0.22818513215274222
2142557,2024,0,1,0.505491209465164
2142571,2024,0,1,0.6122242832210996
2142579,2024,0,1,0.6289507100656871
2142638,2024,0,1,0.6289507100656871
2142732,2024,0,1,0.6289507100656871
2142878,2024,1,1,0.6122242832210996
2143012,2024,0,0,0.2883570032004929
2143099,2024,0,1,0.6289507100656871
2143254,2024,0,1,0.6122242832210996
2143422,2024,0,1,0.505491209465164
2143431,2024,0,1,0.6367081302712875
2143443,2024,0,1,0.6289507100656871
2143457,2024,0,1,0.505491209465164
2143461,2024,0,0,0.35310630655492137
2143463,2024,0,0,0.2883570032004929
2143474,2024,0,0,0.4877322897520463
2143576,2024,0,1,0.6122242832210996
2143578,2024,0,1,0.6122242832210996
2143926,2024,0,1,0.6122242832210996
2144016,2024,0,1,0.6289507100656871
2144157,2024,0,0,0.34414853122522704
2144248,2024,1,1,0.6289507100656871
2144359,2024,0,1,0.6289507100656871
2144446,2024,0,1,0.6122242832210996
2144540,2024,0,1,0.6122242832210996
2144583,2024,0,1,0.6289507100656871
2144599,2024,0,1,0.6122242832210996
2144764,2024,0,1,0.6289507100656871
2144778,2024,0,1,0.505491209465164
2144790,2024,0,1,0.6122242832210996
2144971,2024,0,1,0.505491209465164
2144981,2024,0,0,0.2803300063100997
2145018,2024,0,0,0.2803300063100997
2145078,2024,0,1,0.505491209465164
2145079,2024,0,0,0.27231898189415327
2145085,2024,1,0,0.1841258020695057
2145092,2024,0,1,0.505491209465164
2145112,2024,0,1,0.505491209465164
2145588,2024,0,1,0.505491209465164
2145597,2024,0,1,0.505491209465164
2145703,2024,0,1,0.7439987554004261
2146072,2024,1,0,0.1841258020695057
2146137,2024,0,1,0.6289507100656871
2146296,2024,1,1,0.6122242832210996
2146602,2024,0,1,0.6878921501501433
2146763,2024,0,1,0.6122242832210996
2146843,2024,0,0,0.44916627731993714
2146875,2024,0,1,0.8124509546907029
2146931,2024,0,1,0.6122242832210996
2147050,2024,0,1,0.6122242832210996
2147074,2024,0,1,0.6122242832210996
2147075,2024,0,1,0.6122242832210996
2147142,2024,1,1,0.6289507100656871
2147315,2024,0,1,0.8751493258431511
2147346,2024,0,1,0.6122242832210996
2147350,2024,0,1,0.6122242832210996
2147500,2024,1,1,0.6122242832210996
2147808,2024,0,1,0.5194870824021677
2147839,2024,0,1,0.505491209465164
2147846,2024,0,0,0.2803300063100997
2147860,2024,1,1,0.6210920978339723
2147908,2024,0,1,0.505491209465164
2147937,2024,0,1,0.505491209465164
2147962,2024,0,1,0.505491209465164
2147974,2024,0,0,0.4877322897520463
2148004,2024,0,1,0.6122242832210996
2148337,2024,0,1,0.6122242832210996
2148436,2024,0,0,0.34414853122522704
2148443,2024,0,0,0.4020434034993825
2148447,2024,0,0,0.4368892856432597
2148450,2024,0,0,0.2883570032004929
2148463,2024,0,0,0.28483093588359315
2148869,2024,0,1,0.505491209465164
2148887,2024,0,0,0.39790445780266
2148911,2024,0,0,0.4877322897520463
2149128,2024,0,1,0.6289507100656871
2149130,2024,1,1,0.8178200528098154
2149391,2024,1,0,0.2803300063100997
2149395,2024,0,1,0.5153486543730158
2149407,2024,0,1,0.5387833227389816
2149414,2024,1,0,0.1841258020695057
2149417,2024,0,1,0.57639356613759
2149420,2024,0,1,0.505491209465164
2149779,2024,0,0,0.2258813801817113
2150107,2024,0,0,0.45490189922405366
2150229,2024,0,1,0.5692744496720765
2150242,2024,0,1,0.5517750280384006
2150286,2024,0,1,0.5517750280384006
2150295,2024,0,1,0.7319326829571904
2150372,2024,1,1,0.6289507100656871
2150496,2024,0,0,0.4435268160911076
2150498,2024,1,0,0.4435268160911076
2150505,2024,0,1,0.5517750280384006
2150836,2024,0,0,0.37096323528243746
2150847,2024,0,1,0.505491209465164
2150869,2024,0,0,0.2803300063100997
2150875,2024,0,0,0.2258813801817113
2150876,2024,0,1,0.5387833227389816
2150882,2024,1,0,0.2329636605895954
2150891,2024,0,0,0.2329636605895954
2150915,2024,0,0,0.14081784310635884
2150950,2024,0,0,0.14963490988419625
2150967,2024,0,0,0.14963490988419625
2150982,2024,0,1,0.6122242832210996
2151342,2024,1,1,0.5517750280384006
2151574,2024,1,1,0.5692744496720765
2151640,2024,1,0,0.4435268160911076
2152003,2024,0,0,0.3349458829302177
2152047,2024,0,1,0.5517750280384006
2152053,2024,0,1,0.5517750280384006
2152138,2024,0,1,0.5692744496720765
2152181,2024,1,1,0.5517750280384006
2152199,2024,0,1,0.5089251938721364
2152322,2024,0,0,0.2329636605895954
2152325,2024,0,0,0.14963490988419625
2152337,2024,0,0,0.21727921885661286
2152358,2024,0,1,0.5517750280384006
2152364,2024,1,1,0.5692744496720765
2152483,2024,0,1,0.5692744496720765
2152560,2024,0,0,0.4435268160911076
2152592,2024,0,0,0.42606918216059153
2152982,2024,0,1,0.5517750280384006
2153078,2024,0,0,0.4435268160911076
2153108,2024,0,1,0.8384368370126516
2153494,2024,0,0,0.264977813288252
2153531,2024,0,0,0.3349458829302177
2153551,2024,0,0,0.24008683337802722
2153575,2024,0,1,0.505491209465164
2153584,2024,0,0,0.2329636605895954
2153591,2024,1,0,0.14963490988419625
2153673,2024,0,1,0.5692744496720765
2153746,2024,0,1,0.5692744496720765
2153953,2024,0,1,0.5517750280384006
2154096,2024,0,1,0.5517750280384006
2154132,2024,0,1,0.5517750280384006
2154143,2024,1,1,0.6289507100656871
2154274,2024,0,1,0.5517750280384006
2154304,2024,0,1,0.5517750280384006
2154317,2024,0,1,0.6628503381096869
2154386,2024,0,0,0.14963490988419625
2154389,2024,0,0,0.14963490988419625
2154400,2024,0,0,0.14963490988419625
2154535,2024,0,1,0.5517750280384006
2154901,2024,0,1,0.5517750280384006
2154913,2024,0,1,0.5517750280384006
2154969,2024,0,1,0.7112268378493216
2154990,2024,0,0,0.2903494554736723
2154996,2024,0,0,0.4435268160911076
2155015,2024,0,0,0.3847179539759778
2155366,2024,0,1,0.5517750280384006
2155441,2024,1,1,0.5692744496720765
2155495,2024,0,1,0.5517750280384006
2155595,2024,0,1,0.5692744496720765
2155667,2024,1,1,0.5517750280384006
2155677,2024,0,1,0.5517750280384006
2155715,2024,1,1,0.5692744496720765
2155875,2024,0,0,0.4435268160911076
2155902,2024,0,0,0.2329636605895954
2155913,2024,0,0,0.4435268160911076
2155926,2024,1,0,0.3437896852124679
2155931,2024,0,0,0.43880369925875745
2155962,2024,0,0,0.3738152511905513
2156062,2024,1,1,0.6398800677077496
2156163,2024,0,1,0.5692744496720765
2156309,2024,0,1,0.5517750280384006
2156435,2024,0,0,0.22736503060800328
2156455,2024,0,1,0.5517750280384006
2156652,2024,0,1,0.5517750280384006
2156858,2024,0,0,0.2329636605895954
2156873,2024,0,0,0.2875992316158889
2156897,2024,0,0,0.4435268160911076
2157037,2024,1,0,0.42606918216059153
2157110,2024,0,0,0.42606918216059153
2157181,2024,0,0,0.19162230461287896
2157185,2024,0,0,0.2541853655082849
2157197,2024,0,0,0.22736503060800328
2157234,2024,0,1,0.5692744496720765
2157324,2024,0,1,0.5517750280384006
2157398,2024,0,1,0.5194870824021677
2157425,2024,0,1,0.5517750280384006
2157564,2024,0,0,0.22599797852536496
2157584,2024,0,0,0.22818513215274222
2157634,2024,0,1,0.5692744496720765
2157828,2024,0,1,0.5692744496720765
2157838,2024,1,1,0.5089251938721364
2157962,2024,0,1,0.5517750280384006
2157976,2024,1,1,0.6628503381096869
2158252,2024,0,0,0.2329636605895954
2158285,2024,0,0,0.4435268160911076
2158294,2024,0,0,0.2759314002584437
2158342,2024,0,0,0.34598106211434415
2158352,2024,0,0,0.2329636605895954
2158358,2024,0,0,0.2985443349545909
2158395,2024,0,0,0.37692447903665105
2158396,2024,0,0,0.2765456363235869
2158398,2024,0,1,0.5517750280384006
2158413,2024,1,1,0.5692744496720765
2158640,2024,0,1,0.5692744496720765
2158670,2024,1,1,0.5517750280384006
2158717,2024,0,1,0.5517750280384006
2158948,2024,1,1,0.5517750280384006
2158990,2024,0,1,0.5517750280384006
2159108,2024,0,0,0.2345907862578362
2159113,2024,1,0,0.4435268160911076
2159117,2024,0,0,0.38068159241969823
2159137,2024,0,0,0.2903494554736723
2159139,2024,0,1,0.5517750280384006
2159458,2024,0,0,0.4435268160911076
2159520,2024,0,1,0.5517750280384006
2159617,2024,1,1,0.5692744496720765
2159678,2024,0,1,0.7456408540840733
2160008,2024,0,1,0.6289507100656871
2160070,2024,0,0,0.4588305277095004
2160092,2024,0,1,0.5517750280384006
2160185,2024,0,1,0.5692744496720765
2160246,2024,0,1,0.5554666736334808
2160355,2024,1,0,0.4435268160911076
2160369,2024,0,0,0.4435268160911076
2160440,2024,0,0,0.4435268160911076
2160461,2024,0,0,0.4472168327534643
2160486,2024,0,1,0.5517750280384006
2160496,2024,0,0,0.4472168327534643
2160605,2024,0,1,0.5554666736334808
2160727,2024,0,0,0.42606918216059153
2160796,2024,0,0,0.24008683337802722
2160805,2024,0,1,0.5517750280384006
2160834,2024,0,0,0.2329636605895954
2160897,2024,0,0,0.2329636605895954
2160902,2024,0,0,0.2329636605895954
2160920,2024,0,0,0.49134815385545755
2160929,2024,0,0,0.3327740712456402
2160997,2024,1,1,0.5729335204616988
2161080,2024,0,1,0.5849135318047071
2161247,2024,0,1,0.5729335204616988
2161262,2024,0,1,0.5517750280384006
2161423,2024,0,0,0.24282285468220957
2161429,2024,1,1,0.5839291870242849
2161456,2024,0,1,0.5554666736334808
2161567,2024,0,1,0.5554666736334808
2161747,2024,0,0,0.23564367838673514
2161754,2024,0,0,0.4472168327534643
2161764,2024,1,0,0.4435268160911076
2161793,2024,0,0,0.23564367838673514
2161867,2024,1,1,0.5729335204616988
2162063,2024,0,0,0.31025882277048533
2162088,2024,0,0,0.1515457089107657
2162094,2024,0,0,0.3006533969561244
2162142,2024,0,1,0.5729335204616988
2162274,2024,0,0,0.4472168327534643
2162294,2024,0,1,0.5554666736334808
2162700,2024,1,1,0.5729335204616988
2163674,2024,0,0,0.13254473868843245
2163706,2024,0,0,0.4435268160911076
2163746,2024,0,0,0.23564367838673514
2163768,2024,0,0,0.4472168327534643
2163945,2024,0,1,0.5729335204616988
2164151,2024,0,1,0.8164844610995269
2164177,2024,0,0,0.4724277384102518
2164230,2024,0,1,0.5729335204616988
2164238,2024,0,1,0.5729335204616988
2164315,2024,1,1,0.5554666736334808
2164457,2024,0,0,0.24282285468220957
2164486,2024,0,1,0.5554666736334808
2164971,2024,0,1,0.5554666736334808
2165058,2024,0,0,0.23564367838673514
2165178,2024,1,1,0.5729335204616988
2165282,2024,0,1,0.5554666736334808
2165771,2024,0,0,0.2669681242832586
2165811,2024,0,0,0.1515457089107657
2165828,2024,0,0,0.21622150549576302
2165841,2024,0,1,0.5554666736334808
2165914,2024,0,1,0.5729335204616988
2166032,2024,0,1,0.9019552050446922
2166246,2024,0,0,0.3225653375838626
2166262,2024,0,0,0.23564367838673514
2166436,2024,1,1,0.5729335204616988
2166535,2024,0,1,0.6817893528784909
2166541,2024,0,0,0.24282285468220957
2166547,2024,0,0,0.4472168327534643
2166749,2024,0,1,0.5554666736334808
2166837,2024,0,0,0.24282285468220957
2166843,2024,0,0,0.4472168327534643
2166847,2024,0,0,0.4472168327534643
2167029,2024,0,1,0.5729335204616988
2167047,2024,0,1,0.5517750280384006
2167064,2024,1,0,0.3225653375838626
2167133,2024,0,0,0.3016820656400287
2167210,2024,0,1,0.5554666736334808
2167297,2024,0,1,0.5554666736334808
2167661,2024,0,1,0.5554666736334808
2167684,2024,1,1,0.5554666736334808
2167828,2024,0,0,0.24282285468220957
2167833,2024,0,0,0.1515457089107657
2167835,2024,0,1,0.8050994017785661
2167889,2024,0,0,0.1515457089107657
2167923,2024,0,0,0.23564367838673514
2167926,2024,0,0,0.262374883691496
2167933,2024,0,0,0.24282285468220957
2167947,2024,0,0,0.24282285468220957
2168027,2024,0,1,0.5729335204616988
2168352,2024,0,0,0.3493690409335886
2168367,2024,0,1,0.5554666736334808
2168368,2024,0,0,0.1515457089107657
2168398,2024,0,0,0.4625420360637746
2168623,2024,1,1,0.6356180692166828
2168624,2024,1,1,0.6356180692166828
2168711,2024,0,1,0.585619927812139
2168724,2024,0,0,0.24282285468220957
2168741,2024,0,0,0.2575074917304326
2168765,2024,0,1,0.5554666736334808
2168891,2024,0,1,0.5554666736334808
2168904,2024,0,1,0.6356180692166828
2168915,2024,0,1,0.5554666736334808
2168981,2024,0,0,0.24282285468220957
2169323,2024,0,0,0.3191375848684224
2169351,2024,0,0,0.4472168327534643
2169516,2024,1,1,0.8679558521527673
2169628,2024,0,1,0.5554666736334808
2169670,2024,0,1,0.5729335204616988
2169736,2024,1,1,0.6351234000886193
2169790,2024,1,1,0.5729335204616988
2170058,2024,1,0,0.4472168327534643
2170068,2024,0,0,0.4472168327534643
2170072,2024,0,0,0.2469577452278885
2170073,2024,0,0,0.2570277105257989
2170081,2024,0,0,0.2372837319481778
2170100,2024,1,1,0.5328958575331217
2170101,2024,0,0,0.23564367838673514
2170118,2024,0,0,0.1882055162319732
2170131,2024,0,1,0.5554666736334808
2170161,2024,0,1,0.5729335204616988
2170430,2024,0,0,0.3493690409335886
2170436,2024,0,0,0.2570277105257989
2170485,2024,0,1,0.5126580511115012
2170539,2024,0,1,0.6078062020922088
2170614,2024,0,1,0.5554666736334808
2171119,2024,1,0,0.26261070197067155
2171125,2024,0,0,0.3816621934678107
2171137,2024,0,0,0.4458419545424471
2171139,2024,0,0,0.26261070197067155
2171189,2024,0,1,0.6078062020922088
2171234,2024,0,1,0.6078062020922088
2171501,2024,0,0,0.29830221076122126
2171506,2024,0,0,0.3805433068072203
2171511,2024,0,0,0.46538080881064475
2171516,2024,0,0,0.4830933790010256
2171619,2024,0,1,0.668335254698938
2171843,2024,1,1,0.5517750280384006
2171847,2024,0,1,0.5907468262365552
2171907,2024,1,1,0.6078062020922088
2171914,2024,1,1,0.6078062020922088
2171955,2024,1,0,0.4830933790010256
2171973,2024,1,1,0.5907468262365552
2172127,2024,0,1,0.6535583772588773
2172129,2024,0,0,0.2285041950448012
2172133,2024,0,0,0.26261070197067155
2172155,2024,1,0,0.26261070197067155
2172156,2024,0,0,0.2855277653360976
2172162,2024,0,1,0.785851688713134
2172166,2024,0,1,0.6079651151903752
2172169,2024,0,1,0.7184528629426569
2172174,2024,0,1,0.6078062020922088
2172533,2024,0,1,0.5907468262365552
2172875,2024,0,1,0.5554666736334808
2172931,2024,0,0,0.3921948351365812
2172941,2024,0,0,0.26261070197067155
2172948,2024,0,0,0.26261070197067155
2173152,2024,0,0,0.4830933790010256
2173529,2024,0,0,0.32128685176241256
2173554,2024,0,0,0.4830933790010256
2173555,2024,0,0,0.17998490134910863
2173674,2024,0,0,0.46538080881064475
2174194,2024,0,1,0.6194577188997861
2174198,2024,1,1,0.668335254698938
2174626,2024,0,0,0.2490866065750529
2174650,2024,0,0,0.4830933790010256
2174668,2024,1,1,0.7445314490909828
2174671,2024,1,0,0.38283228261234553
2174720,2024,0,0,0.4830933790010256
2174814,2024,0,0,0.4830933790010256
2175021,2024,1,1,0.7005742599262406
2175044,2024,0,1,0.5907468262365552
2175170,2024,0,0,0.26261070197067155
2175402,2024,1,1,0.5907468262365552
2175475,2024,0,0,0.26261070197067155
2175495,2024,0,0,0.26261070197067155
2175500,2024,0,0,0.17104220007284296
2175668,2024,1,1,0.5907468262365552
2175812,2024,0,0,0.4830933790010256
2175974,2024,0,1,0.5907468262365552
2175991,2024,1,1,0.8006130237632477
2176063,2024,0,1,0.5907468262365552
2176075,2024,1,1,0.6078062020922088
2176085,2024,1,1,0.6194577188997861
2176211,2024,1,1,0.6078062020922088
2176230,2024,1,1,0.6078062020922088
2176241,2024,1,1,0.6194577188997861
2176606,2024,0,0,0.17104220007284296
2176616,2024,0,0,0.4830933790010256
2176628,2024,0,0,0.17104220007284296
2176654,2024,0,0,0.26261070197067155
2176674,2024,0,0,0.26261070197067155
2176698,2024,1,0,0.4830933790010256
2176724,2024,0,0,0.17104220007284296
2176734,2024,0,0,0.21278729621003378
2176764,2024,0,1,0.6078062020922088
2176979,2024,0,1,0.6078062020922088
2177123,2024,0,0,0.4830933790010256
2177138,2024,0,0,0.3329148812257958
2177159,2024,0,1,0.5907468262365552
2177266,2024,0,1,0.5907468262365552
2177303,2024,0,0,0.4830933790010256
2177421,2024,0,0,0.17104220007284296
2177439,2024,0,0,0.26261070197067155
2177586,2024,0,1,0.5907468262365552
2177598,2024,0,1,0.7005742599262406
2177603,2024,0,1,0.8309771900950728
2177758,2024,0,0,0.17104220007284296
2177764,2024,0,0,0.4830933790010256
2177767,2024,0,1,0.5228070134638149
2177772,2024,0,1,0.6122242832210996
2177778,2024,0,0,0.26261070197067155
2177847,2024,0,0,0.4830933790010256
2177858,2024,0,1,0.6078062020922088
2177971,2024,0,0,0.46538080881064475
2177975,2024,0,1,0.6025737650763553
2178069,2024,0,1,0.5907468262365552
2178106,2024,0,1,0.7975651919049965
2178108,2024,1,0,0.17104220007284296
2178137,2024,0,1,0.6078062020922088
2178145,2024,0,1,0.5907468262365552
2178171,2024,1,1,0.6078062020922088
2178233,2024,0,1,0.6078062020922088
2178414,2024,0,1,0.6078062020922088
2178472,2024,1,0,0.4830933790010256
2178518,2024,0,1,0.6224999881077344
2178631,2024,0,1,0.5907468262365552
2178681,2024,0,1,0.5907468262365552
2178844,2024,0,0,0.4830933790010256
2178854,2024,0,0,0.4830933790010256
2178862,2024,0,0,0.38283228261234553
2178933,2024,0,0,0.17104220007284296
2178936,2024,0,0,0.4830933790010256
2179024,2024,1,1,0.5907468262365552
2179039,2024,0,1,0.5907468262365552
2179140,2024,0,1,0.5907468262365552
2179300,2024,0,1,0.5907468262365552
2179477,2024,0,0,0.27032090216176036
2179500,2024,0,0,0.26261070197067155
2179505,2024,0,0,0.26261070197067155
2179510,2024,0,0,0.26261070197067155
2179512,2024,0,0,0.4830933790010256
2179516,2024,1,0,0.27032090216176036
2179526,2024,0,0,0.2416686064945479
2179554,2024,1,1,0.6194577188997861
2179655,2024,0,1,0.5907468262365552
2179832,2024,0,1,0.5907468262365552
2179901,2024,0,1,0.5907468262365552
2180116,2024,1,1,0.6025737650763553
2180126,2024,0,0,0.46538080881064475
2180163,2024,0,0,0.17104220007284296
2180315,2024,0,1,0.5907468262365552
2180716,2024,1,1,0.5588178758263699
2180963,2024,0,0,0.27032090216176036
2181001,2024,0,0,0.41040160150231897
2181008,2024,0,0,0.17104220007284296
2181020,2024,0,0,0.21698483986134054
2181025,2024,0,1,0.5198417156970723
2181029,2024,0,0,0.22376196707433027
2181033,2024,0,0,0.3329148812257958
2181063,2024,0,0,0.39386749106087116
2181090,2024,0,0,0.4830933790010256
2181119,2024,0,1,0.5290104455897708
2181176,2024,0,1,0.5466684339907238
2181231,2024,0,1,0.5588178758263699
2181236,2024,0,1,0.5290104455897708
2181407,2024,0,0,0.421033165695128
2181425,2024,0,0,0.4830933790010256
2181494,2024,1,1,0.5466684339907238
2181625,2024,0,1,0.5588178758263699
2181655,2024,0,1,0.6222081104706404
2181753,2024,0,0,0.421033165695128
2181759,2024,0,0,0.421033165695128
2181775,2024,0,0,0.35608600296009435
2181778,2024,0,1,0.5907468262365552
2181836,2024,0,1,0.5466684339907238
2182023,2024,0,0,0.3244533772213943
2182100,2024,1,1,0.5466684339907238
2182112,2024,0,1,0.6105878671504325
2182256,2024,0,1,0.5290104455897708
2182346,2024,0,0,0.13834072572070866
2182901,2024,0,1,0.5290104455897708
2182918,2024,0,1,0.5291765542144208
2183125,2024,1,1,0.5290104455897708
2183362,2024,0,0,0.42588071879208583
2183373,2024,0,0,0.421033165695128
2183480,2024,0,0,0.421033165695128
2183504,2024,0,1,0.5466684339907238
2183547,2024,0,1,0.5466684339907238
2183575,2024,1,1,0.5466684339907238
2183685,2024,0,1,0.5290104455897708
2183687,2024,0,1,0.5290104455897708
2183809,2024,0,0,0.421033165695128
2183858,2024,0,1,0.5466684339907238
2183886,2024,1,1,0.5763608686604307
2183928,2024,0,1,0.5290104455897708
2184114,2024,0,0,0.21166424932863012
2184126,2024,0,0,0.24519957793721917
2184147,2024,0,0,0.21698483986134054
2184470,2024,1,1,0.6298834458742956
2184938,2024,1,1,0.5290104455897708
2184956,2024,0,1,0.5290104455897708
2184994,2024,0,1,0.5466684339907238
2185142,2024,0,0,0.421033165695128
2185172,2024,0,0,0.421033165695128
2185178,2024,0,0,0.421033165695128
2185216,2024,0,0,0.4217427354741596
2185289,2024,0,1,0.5466684339907238
2185443,2024,0,1,0.5290104455897708
2185492,2024,0,0,0.3749107901596175
2185494,2024,0,0,0.13834072572070866
2185513,2024,0,0,0.421033165695128
2185842,2024,0,0,0.3632598645064521
2185881,2024,0,1,0.6105878671504325
2186031,2024,0,1,0.7615412682959999
2186039,2024,0,1,0.5290104455897708
2186055,2024,1,1,0.6105878671504325
2186138,2024,0,0,0.21698483986134054
2186167,2024,0,0,0.21698483986134054
2186171,2024,0,1,0.5290104455897708
2186222,2024,0,1,0.5466684339907238
2186303,2024,0,1,0.6100800630866867
2186323,2024,0,1,0.5290104455897708
2186342,2024,0,1,0.5466684339907238
2186364,2024,1,1,0.5290104455897708
2186510,2024,0,1,0.7615412682959999
2186519,2024,1,0,0.3940162836711548
2186646,2024,1,1,0.6375328397518476
2186717,2024,1,1,0.8685937564721791
2186847,2024,0,1,0.6105878671504325
2186895,2024,0,1,0.5412359845595256
2187069,2024,0,1,0.5907468262365552
2187494,2024,0,1,0.5466684339907238
2187514,2024,1,0,0.421033165695128
2187838,2024,0,0,0.47075614459333615
2187961,2024,0,1,0.6552502580442238
2188077,2024,0,0,0.421033165695128
2188103,2024,0,1,0.5466684339907238
2188240,2024,0,1,0.5290104455897708
2188251,2024,0,1,0.5290104455897708
2188317,2024,0,0,0.4038184116701887
2188517,2024,0,0,0.4100634798137474
2188518,2024,0,0,0.13834072572070866
2188555,2024,0,0,0.25858530383839157
2188643,2024,1,1,0.6105878671504325
2188788,2024,0,1,0.5466684339907238
2188874,2024,0,0,0.421033165695128
2188916,2024,0,1,0.5290104455897708
2188986,2024,0,1,0.5466684339907238
2189038,2024,0,0,0.421033165695128
2189093,2024,1,1,0.5290104455897708
2189113,2024,0,0,0.4137134770718269
2189284,2024,0,1,0.5466684339907238
2189297,2024,0,0,0.13834072572070866
2189325,2024,0,0,0.22402206436444377
2189333,2024,0,0,0.431045072813976
2189339,2024,0,0,0.30806727899743447
2189349,2024,0,0,0.21853215840910423
2189430,2024,0,1,0.5567947513464245
2189464,2024,0,1,0.6100800630866867
2189562,2024,0,1,0.5391987184451685
2189771,2024,0,1,0.5567947513464245
2189889,2024,0,1,0.5781168867381875
2189912,2024,0,1,0.5391987184451685
2189941,2024,0,1,0.5391987184451685
2190037,2024,0,0,0.18388706411512548
2190145,2024,0,1,0.5290104455897708
2190170,2024,0,1,0.568886826778452
2190181,2024,0,1,0.5391987184451685
2190260,2024,0,0,0.4940214979962141
2190266,2024,0,0,0.18388706411512548
2190297,2024,0,0,0.1797353256349128
2190313,2024,0,1,0.5391987184451685
2190828,2024,0,1,0.5391987184451685
2190936,2024,1,1,0.5391987184451685
2190965,2024,0,1,0.5567947513464245
2191181,2024,0,1,0.5391987184451685
2191451,2024,0,0,0.13834072572070866
2191468,2024,0,0,0.431045072813976
2191538,2024,0,0,0.431045072813976
2191581,2024,0,1,0.7688969308547864
2191882,2024,0,1,0.620278148829358
2191889,2024,1,1,0.5391987184451685
2191905,2024,0,1,0.5391987184451685
2191915,2024,0,1,0.5391987184451685
2191917,2024,0,1,0.5567947513464245
2191933,2024,1,1,0.5513840672797522
2191937,2024,0,1,0.7031674079341432
2191940,2024,0,1,0.5391987184451685
2192058,2024,0,1,0.7559628335195315
2192202,2024,0,0,0.1432941374720853
2192207,2024,0,0,0.22402206436444377
2192219,2024,0,0,0.2171346647741704
2192595,2024,0,0,0.431045072813976
2192603,2024,0,0,0.22402206436444377
2192640,2024,0,1,0.5567947513464245
2192739,2024,0,1,0.5567947513464245
2192809,2024,0,1,0.5567947513464245
2192884,2024,0,0,0.20530048769692827
2192908,2024,0,0,0.4849161430159717
2192930,2024,0,1,0.5391987184451685
2192932,2024,0,1,0.5391987184451685
2192948,2024,0,1,0.5391987184451685
2193436,2024,0,1,0.5391987184451685
2193506,2024,0,0,0.431045072813976
2193816,2024,0,0,0.2309541569096999
2193834,2024,0,0,0.1432941374720853
2193864,2024,0,0,0.22402206436444377
2194094,2024,1,1,0.8314467096978687
2194245,2024,0,0,0.431045072813976
2194290,2024,0,1,0.7368903168328486
2194441,2024,0,0,0.431045072813976
2194545,2024,0,0,0.33243795718406693
2194547,2024,0,0,0.1432941374720853
2194554,2024,0,0,0.44626348862250165
2194559,2024,0,0,0.22402206436444377
2194623,2024,1,1,0.5513840672797522
2194658,2024,0,1,0.5567947513464245
2194683,2024,1,0,0.4826325638981112
2194703,2024,0,0,0.4137134770718269
2194748,2024,0,0,0.431045072813976
2194761,2024,0,0,0.32916097795502103
2194772,2024,0,1,0.5836827555134069
2194837,2024,0,1,0.5567947513464245
2194843,2024,0,1,0.5567947513464245
2194889,2024,0,1,0.5850166965966473
2195041,2024,0,0,0.22402206436444377
2195071,2024,0,0,0.318966260645876
2195105,2024,0,1,0.5391987184451685
2195303,2024,0,1,0.5391987184451685
2195321,2024,0,1,0.5391987184451685
2195325,2024,0,1,0.620278148829358
2195345,2024,1,1,0.5391987184451685
2195577,2024,0,1,0.620278148829358
2195849,2024,0,0,0.28000934024383584
2195856,2024,1,0,0.18388706411512548
2195883,2024,1,1,0.568886826778452
2195910,2024,1,1,0.568886826778452
2195914,2024,0,0,0.44626348862250165
2195919,2024,0,0,0.22402206436444377
2195929,2024,0,0,0.431045072813976
2196096,2024,1,0,0.431045072813976
2196175,2024,0,1,0.5391987184451685
2196186,2024,0,1,0.5391987184451685
2196302,2024,0,1,0.5567947513464245
2196583,2024,1,1,0.568886826778452
2196584,2024,0,1,0.568886826778452
2196601,2024,1,1,0.5391987184451685
2196804,2024,0,1,0.5567947513464245
2197036,2024,0,0,0.4137134770718269
2197059,2024,0,1,0.6025737650763553
2197064,2024,0,0,0.25328572551916806
2197281,2024,0,1,0.5513840672797522
2197603,2024,1,1,0.5567947513464245
2197861,2024,0,1,0.5391987184451685
2197862,2024,0,1,0.5391987184451685
2197952,2024,0,1,0.5695625809735604
2197971,2024,0,1,0.5242166583601466
2198302,2024,1,1,0.5567947513464245
2198496,2024,0,1,0.5391987184451685
2198646,2024,0,1,0.5567947513464245
2198656,2024,0,1,0.5567947513464245
2198658,2024,1,1,0.5567947513464245
2198702,2024,1,1,0.5391987184451685
2198898,2024,0,0,0.4137134770718269
2198906,2024,0,1,0.7477320349970399
2198921,2024,0,1,0.5513840672797522
2198949,2024,0,0,0.33459387060121376
2199383,2024,1,1,0.5567947513464245
2200410,2024,0,1,0.620278148829358
2200637,2024,0,0,0.2309541569096999
2201171,2024,0,1,0.5391987184451685
2201260,2024,0,0,0.2256051066071879
2201635,2024,0,1,0.5567947513464245
2202831,2024,0,0,0.26261070197067155
2203329,2024,0,1,0.5391987184451685
2207067,2024,0,0,0.25858530383839157
2207589,2024,1,1,0.568886826778452
2208505,2024,0,0,0.3931644323407876
2210293,2024,1,1,0.5391987184451685
2211789,2024,0,1,0.682937142244786
2213755,2024,0,0,0.4217050871892129
2219975,2024,0,0,0.2190828888382
2230874,2024,0,0,0.18242632573136433
2231192,2024,0,0,0.1932626180405125
2239929,2024,0,1,0.5907468262365552
2296796,2024,0,0,0.16120285545298535
2203109,2024,0,1,0.6281096747374916
2222313,2024,0,0,0.20869196257570607
2232070,2024,0,0,0.19948758795195662
